{
  "model_config": {
    "d_model": 256,
    "n_heads": 4,
    "d_ff": 1024,
    "n_layers": 4,
    "vocab_size": 98
  },
  "prompt_len_tokens": 129,
  "max_new_tokens": 64,
  "device": "cpu",
  "seed": 42,
  "with_cache": {
    "prefill_time_s": 0.010602232010569423,
    "decode_step_times_s": [
      0.004267910000635311,
      0.0020039800147060305,
      0.0015600139740854502,
      0.0017437320202589035,
      0.0022822179889772087,
      0.0015103690093383193,
      0.0014762919745407999,
      0.0016490730049554259,
      0.002154747024178505,
      0.001775940996594727,
      0.0016050889971666038,
      0.001903457974549383,
      0.00233065799693577,
      0.0014552339853253216,
      0.0014725679939147085,
      0.001751798001350835,
      0.002066258020931855,
      0.0015774549974594265,
      0.0016332889790646732,
      0.0020306360092945397,
      0.0020140919950790703,
      0.0015421250136569142,
      0.001611373998457566,
      0.002014361001783982,
      0.0020121260022278875,
      0.001430720993084833,
      0.0014114200021140277,
      0.0021335320197977126,
      0.002398281008936465,
      0.0017788090044632554,
      0.0017123789875768125,
      0.0024205269874073565,
      0.002058034995570779,
      0.0014819019997958094,
      0.0013919850171077996,
      0.0020557339885272086,
      0.0023162069846875966,
      0.001580326003022492,
      0.0014672910037916154,
      0.001889495993964374,
      0.0024327760038431734,
      0.0016111389850266278,
      0.0015290149895008653,
      0.0018541579775046557,
      0.0023857519845478237,
      0.0016188019944820553,
      0.0017708790255710483,
      0.002275012986501679,
      0.002373821014771238,
      0.0015068640059325844,
      0.0014505480066873133,
      0.001988198986509815,
      0.002212820982094854,
      0.0015928560169413686,
      0.0017124709847848862,
      0.002009088988415897,
      0.0022624139965046197,
      0.0019714009831659496,
      0.0018840499978978187,
      0.0022895260190125555,
      0.0021988539956510067,
      0.0016972890007309616,
      0.001523618004284799
    ],
    "decode_avg_s": 0.0018908380459631896,
    "cache_bytes_final": 1572864
  },
  "without_cache": {
    "decode_step_times_s": [
      0.005323649995261803,
      0.006720930978190154,
      0.006248133984627202,
      0.00609815600910224,
      0.005750797979999334,
      0.005898786999750882,
      0.005181302985874936,
      0.005572947993641719,
      0.005641966010443866,
      0.005864542996278033,
      0.005935060995398089,
      0.00768773999880068,
      0.00607501101330854,
      0.008507957012625411,
      0.007595751987537369,
      0.007187571987742558,
      0.0058836640091612935,
      0.006900719017721713,
      0.00630486398586072,
      0.006353432021569461,
      0.006550290010636672,
      0.005818479985464364,
      0.006559795991051942,
      0.006222960975719616,
      0.006088891008403152,
      0.006530336017021909,
      0.006907978997332975,
      0.006978253019042313,
      0.007179695996455848,
      0.005875267001101747,
      0.006813556014094502,
      0.005942105985013768,
      0.006493600987596437,
      0.006776736001484096,
      0.007409398996969685,
      0.006456074013840407,
      0.007444963994203135,
      0.006692978000501171,
      0.006394884985638782,
      0.007013091002590954,
      0.00707118000718765,
      0.0067484439932741225,
      0.006636010017246008,
      0.006984264007769525,
      0.007238484016852453,
      0.007334686000831425,
      0.007371790008619428,
      0.006909201008966193,
      0.008638851984869689,
      0.010286175995133817,
      0.007896147988503799,
      0.008425798994721845,
      0.008410534996073693,
      0.007548625988420099,
      0.00807583300047554,
      0.007713158993283287,
      0.008622271998319775,
      0.007735715975286439,
      0.0076729780121240765,
      0.0073819769895635545,
      0.008397435012739152,
      0.007517225021729246,
      0.008055289014009759,
      0.009163423994323239
    ],
    "decode_avg_s": 0.006979966093240364
  },
  "speedup": 3.6914669176147137,
  "outputs_match": true
}